Element,Delectrons,Electronegativity,Bindingenergy
Sc,1,1.36,-1.02823
Ti,2,1.54,-0.97189
V,3,1.63,-0.92829
Cr,4,1.66,-0.88294
Mn,5,1.55,-0.81521
Fe,6,1.83,-0.77475
Co,7,1.88,-0.75204
Ni,8,1.91,-0.70704
Cu,10,1.9,-0.70052
Zn,10,1.65,-0.66254